Protocollo;Gruppo;DataOraIncidente;Localizzazione1;STRADA1;Localizzazione2;STRADA2;Strada02;Chilometrica;DaSpecificare;NaturaIncidente;particolaritastrade;TipoStrada;FondoStradale;Pavimentazione;Segnaletica;CondizioneAtmosferica;Traffico;Visibilita;Illuminazione;NUM_FERITI;NUM_RISERVATA;NUM_MORTI;NUM_ILLESI;Longitudine;Latitudine;Confermato;Progressivo;TipoVeicolo;StatoVeicolo;TipoPersona;Sesso;Tipolesione;Deceduto;DecedutoDopo;CinturaCascoUtilizzato;Airbag
1955278;6;29/09/2013 10:40;Strada Urbana;VIA DI ACQUA BULLICANTE;da specificare;;;;alt. VIA DEL PIGNETO;Scontro laterale fra veicoli in marcia;Rettilineo;Una carreggiata a doppio senso;Asciutto;Asfaltata;Verticale ed orizzontale;Nebbia;Normale;Buona;Ore Diurne;0;0;0;3;;;-1;1;Autovettura privata;In marcia / fermata / arresto;Passeggero;M;Illeso;0;;Non accertato;Inesistente
1955278;6;29/09/2013 10:40;Strada Urbana;VIA DI ACQUA BULLICANTE;da specificare;;;;alt. VIA DEL PIGNETO;Scontro laterale fra veicoli in marcia;Rettilineo;Una carreggiata a doppio senso;Asciutto;Asfaltata;Verticale ed orizzontale;Nebbia;Normale;Buona;Ore Diurne;0;0;0;3;;;-1;2;Autovettura privata;In marcia / fermata / arresto;Conducente;M;Illeso;0;;Non accertato;Inesistente
1955279;10;28/09/2013 20:00;Strada Urbana;VIA TUSCOLANA;in prossimità;;del civico n. ;957;;Scontro frontale/laterale SX fra veicoli in marcia;Rettilineo;Due carreggiate;Asciutto;Asfaltata;Orizzontale;Sereno;Normale;Buona;Sufficiente;0;0;0;2;;;-1;1;Autovettura privata;In marcia / fermata / arresto;Conducente;M;Illeso;0;;Non accertato;Inesploso
1955279;10;28/09/2013 20:00;Strada Urbana;VIA TUSCOLANA;in prossimità;;del civico n. ;957;;Scontro frontale/laterale SX fra veicoli in marcia;Rettilineo;Due carreggiate;Asciutto;Asfaltata;Orizzontale;Sereno;Normale;Buona;Sufficiente;0;0;0;2;;;-1;2;Autovettura privata;In marcia / fermata / arresto;Conducente;M;Illeso;0;;Non accertato;Inesploso
1955280;10;29/09/2013 17:00;Strada Urbana;VIA BIAGIO PETROCELLI;in prossimità;;del civico n. ;225;;Veicolo in marcia contro veicoli in sosta;Rettilineo;Una carreggiata a doppio senso;Asciutto;Asfaltata;Verticale ed orizzontale;Nuvoloso;Normale;Buona;Ore Diurne;2;0;0;6;;;-1;1;Autovettura privata;In marcia / fermata / arresto;Conducente;M;Illeso;0;;Non accertato;Inesistente
1955280;10;29/09/2013 17:00;Strada Urbana;VIA BIAGIO PETROCELLI;in prossimità;;del civico n. ;225;;Veicolo in marcia contro veicoli in sosta;Rettilineo;Una carreggiata a doppio senso;Asciutto;Asfaltata;Verticale ed orizzontale;Nuvoloso;Normale;Buona;Ore Diurne;2;0;0;6;;;-1;1;Autovettura privata;In marcia / fermata / arresto;Passeggero;F;Illeso;0;;Non accertato;Inesistente
1955280;10;29/09/2013 17:00;Strada Urbana;VIA BIAGIO PETROCELLI;in prossimità;;del civico n. ;225;;Veicolo in marcia contro veicoli in sosta;Rettilineo;Una carreggiata a doppio senso;Asciutto;Asfaltata;Verticale ed orizzontale;Nuvoloso;Normale;Buona;Ore Diurne;2;0;0;6;;;-1;1;Autovettura privata;In marcia / fermata / arresto;Passeggero;F;Illeso;0;;Non accertato;Inesistente
1955280;10;29/09/2013 17:00;Strada Urbana;VIA BIAGIO PETROCELLI;in prossimità;;del civico n. ;225;;Veicolo in marcia contro veicoli in sosta;Rettilineo;Una carreggiata a doppio senso;Asciutto;Asfaltata;Verticale ed orizzontale;Nuvoloso;Normale;Buona;Ore Diurne;2;0;0;6;;;-1;1;Autovettura privata;In marcia / fermata / arresto;Passeggero;F;Illeso;0;;Non accertato;Inesistente
1955280;10;29/09/2013 17:00;Strada Urbana;VIA BIAGIO PETROCELLI;in prossimità;;del civico n. ;225;;Veicolo in marcia contro veicoli in sosta;Rettilineo;Una carreggiata a doppio senso;Asciutto;Asfaltata;Verticale ed orizzontale;Nuvoloso;Normale;Buona;Ore Diurne;2;0;0;6;;;-1;2;Autovettura privata;In marcia / fermata / arresto;Conducente;M;Illeso;0;;Non accertato;Inesistente
1955280;10;29/09/2013 17:00;Strada Urbana;VIA BIAGIO PETROCELLI;in prossimità;;del civico n. ;225;;Veicolo in marcia contro veicoli in sosta;Rettilineo;Una carreggiata a doppio senso;Asciutto;Asfaltata;Verticale ed orizzontale;Nuvoloso;Normale;Buona;Ore Diurne;2;0;0;6;;;-1;2;Autovettura privata;In marcia / fermata / arresto;Passeggero;M;Rimandato;0;NON DECEDUTO;Non accertato;Inesistente
1955280;10;29/09/2013 17:00;Strada Urbana;VIA BIAGIO PETROCELLI;in prossimità;;del civico n. ;225;;Veicolo in marcia contro veicoli in sosta;Rettilineo;Una carreggiata a doppio senso;Asciutto;Asfaltata;Verticale ed orizzontale;Nuvoloso;Normale;Buona;Ore Diurne;2;0;0;6;;;-1;2;Autovettura privata;In marcia / fermata / arresto;Passeggero;M;Illeso;0;;Non accertato;Inesistente
1955281;10;28/09/2013 19:40;Provinciale entro l'abitato;VIA ANAGNINA;in prossimità;;del civico n. ;477;;Investimento di pedone;Rettilineo;Due carreggiate;Asciutto;Asfaltata;Verticale ed orizzontale;Sereno;Normale;Buona;Sufficiente;0;1;0;2;;;-1;;;;Pedone;M;Prognosi riservata;0;NON DECEDUTO;;
1955281;10;28/09/2013 19:40;Provinciale entro l'abitato;VIA ANAGNINA;in prossimità;;del civico n. ;477;;Investimento di pedone;Rettilineo;Due carreggiate;Asciutto;Asfaltata;Verticale ed orizzontale;Sereno;Normale;Buona;Sufficiente;0;1;0;2;;;-1;1;Autovettura privata;In marcia / fermata / arresto;Conducente;M;Illeso;0;;Non accertato;Inesploso
1955281;10;28/09/2013 19:40;Provinciale entro l'abitato;VIA ANAGNINA;in prossimità;;del civico n. ;477;;Investimento di pedone;Rettilineo;Due carreggiate;Asciutto;Asfaltata;Verticale ed orizzontale;Sereno;Normale;Buona;Sufficiente;0;1;0;2;;;-1;1;Autovettura privata;In marcia / fermata / arresto;Passeggero;F;Illeso;0;;Non accertato;Inesploso
1955282;10;28/09/2013 18:50;Strada Urbana;VIA DELLA STAZIONE DI CIAMPINO;in prossimità;;del civico n. ;74;;Scontro frontale fra veicoli in marcia;Rettilineo;Una carreggiata a doppio senso;Asciutto;Asfaltata;Verticale;Sereno;Intenso;Buona;Sufficiente;1;0;0;4;;;-1;1;Autovettura privata;In marcia / fermata / arresto;Conducente;M;Illeso;0;;Non accertato;Inesploso
1955282;10;28/09/2013 18:50;Strada Urbana;VIA DELLA STAZIONE DI CIAMPINO;in prossimità;;del civico n. ;74;;Scontro frontale fra veicoli in marcia;Rettilineo;Una carreggiata a doppio senso;Asciutto;Asfaltata;Verticale;Sereno;Intenso;Buona;Sufficiente;1;0;0;4;;;-1;1;Autovettura privata;In marcia / fermata / arresto;Passeggero;M;Illeso;0;;Non accertato;Inesploso
1955282;10;28/09/2013 18:50;Strada Urbana;VIA DELLA STAZIONE DI CIAMPINO;in prossimità;;del civico n. ;74;;Scontro frontale fra veicoli in marcia;Rettilineo;Una carreggiata a doppio senso;Asciutto;Asfaltata;Verticale;Sereno;Intenso;Buona;Sufficiente;1;0;0;4;;;-1;1;Autovettura privata;In marcia / fermata / arresto;Passeggero;M;Illeso;0;;Non accertato;Inesploso
1955282;10;28/09/2013 18:50;Strada Urbana;VIA DELLA STAZIONE DI CIAMPINO;in prossimità;;del civico n. ;74;;Scontro frontale fra veicoli in marcia;Rettilineo;Una carreggiata a doppio senso;Asciutto;Asfaltata;Verticale;Sereno;Intenso;Buona;Sufficiente;1;0;0;4;;;-1;1;Autovettura privata;In marcia / fermata / arresto;Passeggero;M;Illeso;0;;Non accertato;Inesploso
1955282;10;28/09/2013 18:50;Strada Urbana;VIA DELLA STAZIONE DI CIAMPINO;in prossimità;;del civico n. ;74;;Scontro frontale fra veicoli in marcia;Rettilineo;Una carreggiata a doppio senso;Asciutto;Asfaltata;Verticale;Sereno;Intenso;Buona;Sufficiente;1;0;0;4;;;-1;2;Velocipede;In marcia / fermata / arresto;Conducente;M;Rimandato;0;NON DECEDUTO;Non accertato;Inesploso
1955283;6;29/09/2013 20:45;Strada Urbana;VIA CONTE DI CARMAGNOLA;in prossimità;;del civico n. ;29/31;;Tamponamento;Rettilineo;Una carreggiata a senso unico di marcia;Bagnato (pioggia);Asfaltata;Verticale;Nuvoloso;Scarso;Buona;Sufficiente;1;0;0;1;;;-1;1;Autovettura privata;In marcia / fermata / arresto;Conducente;F;Illeso;0;;Non accertato;Inesistente
1955283;6;29/09/2013 20:45;Strada Urbana;VIA CONTE DI CARMAGNOLA;in prossimità;;del civico n. ;29/31;;Tamponamento;Rettilineo;Una carreggiata a senso unico di marcia;Bagnato (pioggia);Asfaltata;Verticale;Nuvoloso;Scarso;Buona;Sufficiente;1;0;0;1;;;-1;2;Autovettura privata;In marcia / fermata / arresto;Conducente;M;Rifiuta cure immediate;0;NON DECEDUTO;Non accertato;Inesistente
1955284;10;28/09/2013 03:10;Strada Urbana;VIA FRANCESCO MEATTINI;all'intersezione con;VIA EUDO GIULIOLI;VIA EUDO GIULIOLI;;;Veicolo in marcia contro veicoli in sosta;Incrocio;Una carreggiata a doppio senso;Asciutto;Asfaltata;Orizzontale;Sereno;Scarso;Sufficiente;Sufficiente;0;0;0;1;;;-1;3;Autovettura privata;In marcia / fermata / arresto;Conducente;F;Illeso;0;;Non accertato;Inesistente
1955285;7;29/09/2013 18:00;Strada Urbana;VIA DAVIDE CAMPARI;da specificare;;;;prossimità parcheggio altezza civico 10;Tamponamento;Rettilineo;Una carreggiata a doppio senso;Bagnato (pioggia);Asfaltata;Assente;Nuvoloso;Scarso;Buona;Ore Diurne;0;0;0;2;;;-1;1;Autovettura privata;In marcia / fermata / arresto;Conducente;M;Illeso;0;;;Inesistente
1955285;7;29/09/2013 18:00;Strada Urbana;VIA DAVIDE CAMPARI;da specificare;;;;prossimità parcheggio altezza civico 10;Tamponamento;Rettilineo;Una carreggiata a doppio senso;Bagnato (pioggia);Asfaltata;Assente;Nuvoloso;Scarso;Buona;Ore Diurne;0;0;0;2;;;-1;2;Autovettura privata;In marcia / fermata / arresto;Conducente;M;Illeso;0;;Non accertato;Inesistente
1955286;10;28/09/2013 11:45;Strada Urbana;CIRCONVALLAZIONE ORIENTALE;da specificare;;;;50 m dopo via Migliarini.;Tamponamento Multiplo;Rettilineo;Una carreggiata a senso unico di marcia;Asciutto;Asfaltata;Verticale ed orizzontale;Sereno;Intenso;Buona;Ore Diurne;1;0;0;4;;;-1;1;Autovettura privata;In marcia / fermata / arresto;Conducente;M;Illeso;0;;Non accertato;Inesploso
1955286;10;28/09/2013 11:45;Strada Urbana;CIRCONVALLAZIONE ORIENTALE;da specificare;;;;50 m dopo via Migliarini.;Tamponamento Multiplo;Rettilineo;Una carreggiata a senso unico di marcia;Asciutto;Asfaltata;Verticale ed orizzontale;Sereno;Intenso;Buona;Ore Diurne;1;0;0;4;;;-1;1;Autovettura privata;In marcia / fermata / arresto;Passeggero;F;Illeso;0;;Non accertato;Inesistente
1955286;10;28/09/2013 11:45;Strada Urbana;CIRCONVALLAZIONE ORIENTALE;da specificare;;;;50 m dopo via Migliarini.;Tamponamento Multiplo;Rettilineo;Una carreggiata a senso unico di marcia;Asciutto;Asfaltata;Verticale ed orizzontale;Sereno;Intenso;Buona;Ore Diurne;1;0;0;4;;;-1;2;Autovettura privata;In marcia / fermata / arresto;Conducente;M;Illeso;0;;Non accertato;Inesistente
1955286;10;28/09/2013 11:45;Strada Urbana;CIRCONVALLAZIONE ORIENTALE;da specificare;;;;50 m dopo via Migliarini.;Tamponamento Multiplo;Rettilineo;Una carreggiata a senso unico di marcia;Asciutto;Asfaltata;Verticale ed orizzontale;Sereno;Intenso;Buona;Ore Diurne;1;0;0;4;;;-1;3;Autovettura privata;In marcia / fermata / arresto;Conducente;F;Rimandato;0;NON DECEDUTO;Non accertato;Inesistente
1955286;10;28/09/2013 11:45;Strada Urbana;CIRCONVALLAZIONE ORIENTALE;da specificare;;;;50 m dopo via Migliarini.;Tamponamento Multiplo;Rettilineo;Una carreggiata a senso unico di marcia;Asciutto;Asfaltata;Verticale ed orizzontale;Sereno;Intenso;Buona;Ore Diurne;1;0;0;4;;;-1;4;Autovettura privata;In marcia / fermata / arresto;Conducente;F;Illeso;0;;Non accertato;Esploso
1955287;6;28/09/2013 21:30;Strada Urbana;VIA TEANO;all'intersezione con;VIA AQUILONIA;VIA AQUILONIA;;;Scontro frontale/laterale DX fra veicoli in marcia;Incrocio;Due carreggiate;Asciutto;Asfaltata;Orizzontale;Sereno;Normale;Sufficiente;Sufficiente;1;0;0;1;;;-1;1;Ciclomotore;In marcia / fermata / arresto;Conducente;M;Rimandato;0;NON DECEDUTO;Utilizzato;Inesistente
1955287;6;28/09/2013 21:30;Strada Urbana;VIA TEANO;all'intersezione con;VIA AQUILONIA;VIA AQUILONIA;;;Scontro frontale/laterale DX fra veicoli in marcia;Incrocio;Due carreggiate;Asciutto;Asfaltata;Orizzontale;Sereno;Normale;Sufficiente;Sufficiente;1;0;0;1;;;-1;2;Autovettura privata;Allontanatosi;Conducente;M;Illeso;0;;Non accertato;Inesploso
1955288;18;27/09/2013 17:25;Strada Urbana;VIA BALDO DEGLI UBALDI;da specificare;;;;fronte 378;Scontro laterale fra veicoli in marcia;Rettilineo;Due carreggiate;Asciutto;Asfaltata;Verticale ed orizzontale;Sereno;Normale;Buona;Ore Diurne;1;0;0;1;;;-1;1;Autovettura privata;In marcia / fermata / arresto;Conducente;M;Illeso;0;;Non accertato;Inesploso
1955288;18;27/09/2013 17:25;Strada Urbana;VIA BALDO DEGLI UBALDI;da specificare;;;;fronte 378;Scontro laterale fra veicoli in marcia;Rettilineo;Due carreggiate;Asciutto;Asfaltata;Verticale ed orizzontale;Sereno;Normale;Buona;Ore Diurne;1;0;0;1;;;-1;2;Motociclo a solo;In marcia / fermata / arresto;Conducente;M;Rimandato;0;NON DECEDUTO;Non accertato;Inesistente
1955289;10;29/09/2013 12:20;Strada Urbana;VIA TUSCOLANA;all'intersezione semaforizzata con;VIALE MARCO FULVIO NOBILIORE;VIALE MARCO FULVIO NOBILIORE;;;Tamponamento;Intersezione semaforizzata;Due carreggiate;Asciutto;Asfaltata;Verticale ed orizzontale;Nuvoloso;Normale;Buona;Ore Diurne;0;0;0;5;;;-1;1;Autoambulanza;In marcia / fermata / arresto;Conducente;M;Illeso;0;;Non accertato;Inesistente
1955289;10;29/09/2013 12:20;Strada Urbana;VIA TUSCOLANA;all'intersezione semaforizzata con;VIALE MARCO FULVIO NOBILIORE;VIALE MARCO FULVIO NOBILIORE;;;Tamponamento;Intersezione semaforizzata;Due carreggiate;Asciutto;Asfaltata;Verticale ed orizzontale;Nuvoloso;Normale;Buona;Ore Diurne;0;0;0;5;;;-1;1;Autoambulanza;In marcia / fermata / arresto;Passeggero;M;Illeso;0;;Non accertato;Inesploso
1955289;10;29/09/2013 12:20;Strada Urbana;VIA TUSCOLANA;all'intersezione semaforizzata con;VIALE MARCO FULVIO NOBILIORE;VIALE MARCO FULVIO NOBILIORE;;;Tamponamento;Intersezione semaforizzata;Due carreggiate;Asciutto;Asfaltata;Verticale ed orizzontale;Nuvoloso;Normale;Buona;Ore Diurne;0;0;0;5;;;-1;1;Autoambulanza;In marcia / fermata / arresto;Passeggero;F;Illeso;0;;Non accertato;Inesploso
1955289;10;29/09/2013 12:20;Strada Urbana;VIA TUSCOLANA;all'intersezione semaforizzata con;VIALE MARCO FULVIO NOBILIORE;VIALE MARCO FULVIO NOBILIORE;;;Tamponamento;Intersezione semaforizzata;Due carreggiate;Asciutto;Asfaltata;Verticale ed orizzontale;Nuvoloso;Normale;Buona;Ore Diurne;0;0;0;5;;;-1;2;Autocarro inferiore 35 q.;In marcia / fermata / arresto;Conducente;M;Illeso;0;;Non accertato;Inesistente
1955289;10;29/09/2013 12:20;Strada Urbana;VIA TUSCOLANA;all'intersezione semaforizzata con;VIALE MARCO FULVIO NOBILIORE;VIALE MARCO FULVIO NOBILIORE;;;Tamponamento;Intersezione semaforizzata;Due carreggiate;Asciutto;Asfaltata;Verticale ed orizzontale;Nuvoloso;Normale;Buona;Ore Diurne;0;0;0;5;;;-1;2;Autocarro inferiore 35 q.;In marcia / fermata / arresto;Passeggero;M;Illeso;0;;Non accertato;Inesistente
1955290;10;29/09/2013 18:15;Strada Urbana;VIA APPIA NUOVA;all'intersezione con;VIA DEL CASALE DELLA SERGETTA;VIA DEL CASALE DELLA SERGETTA;;;Tamponamento Multiplo;Intersezione semaforizzata;Due carreggiate;Bagnato (pioggia);Asfaltata;Verticale ed orizzontale;Pioggia in atto;Normale;Buona;Ore Diurne;1;0;0;3;;;-1;1;Autocarro inferiore 35 q.;In marcia / fermata / arresto;Conducente;M;Illeso;0;;Non accertato;Inesploso
1955290;10;29/09/2013 18:15;Strada Urbana;VIA APPIA NUOVA;all'intersezione con;VIA DEL CASALE DELLA SERGETTA;VIA DEL CASALE DELLA SERGETTA;;;Tamponamento Multiplo;Intersezione semaforizzata;Due carreggiate;Bagnato (pioggia);Asfaltata;Verticale ed orizzontale;Pioggia in atto;Normale;Buona;Ore Diurne;1;0;0;3;;;-1;1;Autocarro inferiore 35 q.;In marcia / fermata / arresto;Passeggero;M;Illeso;0;;Non accertato;Inesploso
1955290;10;29/09/2013 18:15;Strada Urbana;VIA APPIA NUOVA;all'intersezione con;VIA DEL CASALE DELLA SERGETTA;VIA DEL CASALE DELLA SERGETTA;;;Tamponamento Multiplo;Intersezione semaforizzata;Due carreggiate;Bagnato (pioggia);Asfaltata;Verticale ed orizzontale;Pioggia in atto;Normale;Buona;Ore Diurne;1;0;0;3;;;-1;2;Autovettura privata;In marcia / fermata / arresto;Conducente;M;Rimandato;0;NON DECEDUTO;Non accertato;Inesploso
1955290;10;29/09/2013 18:15;Strada Urbana;VIA APPIA NUOVA;all'intersezione con;VIA DEL CASALE DELLA SERGETTA;VIA DEL CASALE DELLA SERGETTA;;;Tamponamento Multiplo;Intersezione semaforizzata;Due carreggiate;Bagnato (pioggia);Asfaltata;Verticale ed orizzontale;Pioggia in atto;Normale;Buona;Ore Diurne;1;0;0;3;;;-1;3;Autovettura privata;In marcia / fermata / arresto;Conducente;M;Illeso;0;;Non accertato;Inesploso
1955291;7;29/09/2013 23:45;Strada Urbana;VIA PRENESTINA;in prossimità;;del civico n. ;647;;Scontro laterale fra veicoli in marcia;Rettilineo;Una carreggiata a doppio senso;Bagnato (umidità in atto);Asfaltata;Verticale ed orizzontale;Nuvoloso;Scarso;Sufficiente;Sufficiente;0;0;0;1;;;-1;1;Autovettura privata;In marcia / fermata / arresto;Conducente;M;Illeso;0;;;Inesistente
1955292;17;29/09/2013 17:00;Strada Urbana;VIALE VATICANO;in prossimità;;del civico n. ;90;;Investimento di pedone;Rettilineo;Una carreggiata a doppio senso;Asciutto;Asfaltata;Orizzontale;Nuvoloso;Normale;Buona;Ore Diurne;1;0;0;1;;;-1;;;;Pedone;F;Rimandato;0;NON DECEDUTO;;
1955292;17;29/09/2013 17:00;Strada Urbana;VIALE VATICANO;in prossimità;;del civico n. ;90;;Investimento di pedone;Rettilineo;Una carreggiata a doppio senso;Asciutto;Asfaltata;Orizzontale;Nuvoloso;Normale;Buona;Ore Diurne;1;0;0;1;;;-1;1;Autovettura privata;In marcia / fermata / arresto;Conducente;M;Illeso;0;;Non accertato;Inesploso
1955293;3;27/09/2013 21:30;Strada Urbana;PIAZZA DEI VESPRI SICILIANI;all'intersezione con;VIA GIOVANNI DA PROCIDA;VIA GIOVANNI DA PROCIDA;;;Scontro frontale/laterale SX fra veicoli in marcia;Incrocio;Una carreggiata a senso unico di marcia;Asciutto;Asfaltata;Verticale;Sereno;Normale;Sufficiente;Sufficiente;0;0;0;6;;;-1;1;Autovettura privata;In marcia / fermata / arresto;Conducente;M;Illeso;0;;Utilizzato;Inesploso
1955293;3;27/09/2013 21:30;Strada Urbana;PIAZZA DEI VESPRI SICILIANI;all'intersezione con;VIA GIOVANNI DA PROCIDA;VIA GIOVANNI DA PROCIDA;;;Scontro frontale/laterale SX fra veicoli in marcia;Incrocio;Una carreggiata a senso unico di marcia;Asciutto;Asfaltata;Verticale;Sereno;Normale;Sufficiente;Sufficiente;0;0;0;6;;;-1;1;Autovettura privata;In marcia / fermata / arresto;Passeggero;F;Illeso;0;;Utilizzato;Inesploso
1955293;3;27/09/2013 21:30;Strada Urbana;PIAZZA DEI VESPRI SICILIANI;all'intersezione con;VIA GIOVANNI DA PROCIDA;VIA GIOVANNI DA PROCIDA;;;Scontro frontale/laterale SX fra veicoli in marcia;Incrocio;Una carreggiata a senso unico di marcia;Asciutto;Asfaltata;Verticale;Sereno;Normale;Sufficiente;Sufficiente;0;0;0;6;;;-1;1;Autovettura privata;In marcia / fermata / arresto;Passeggero;F;Illeso;0;;Utilizzato;Inesploso
1955293;3;27/09/2013 21:30;Strada Urbana;PIAZZA DEI VESPRI SICILIANI;all'intersezione con;VIA GIOVANNI DA PROCIDA;VIA GIOVANNI DA PROCIDA;;;Scontro frontale/laterale SX fra veicoli in marcia;Incrocio;Una carreggiata a senso unico di marcia;Asciutto;Asfaltata;Verticale;Sereno;Normale;Sufficiente;Sufficiente;0;0;0;6;;;-1;1;Autovettura privata;In marcia / fermata / arresto;Passeggero;F;Illeso;0;;Non accertato;Inesploso
1955293;3;27/09/2013 21:30;Strada Urbana;PIAZZA DEI VESPRI SICILIANI;all'intersezione con;VIA GIOVANNI DA PROCIDA;VIA GIOVANNI DA PROCIDA;;;Scontro frontale/laterale SX fra veicoli in marcia;Incrocio;Una carreggiata a senso unico di marcia;Asciutto;Asfaltata;Verticale;Sereno;Normale;Sufficiente;Sufficiente;0;0;0;6;;;-1;2;Autovettura privata;In marcia / fermata / arresto;Conducente;M;Illeso;0;;Utilizzato;Inesploso
1955293;3;27/09/2013 21:30;Strada Urbana;PIAZZA DEI VESPRI SICILIANI;all'intersezione con;VIA GIOVANNI DA PROCIDA;VIA GIOVANNI DA PROCIDA;;;Scontro frontale/laterale SX fra veicoli in marcia;Incrocio;Una carreggiata a senso unico di marcia;Asciutto;Asfaltata;Verticale;Sereno;Normale;Sufficiente;Sufficiente;0;0;0;6;;;-1;2;Autovettura privata;In marcia / fermata / arresto;Passeggero;M;Illeso;0;;Utilizzato;Inesploso
1955294;10;30/09/2013 07:20;Strada Urbana;VIALE ANICIO GALLO;all'intersezione con;VIALE TITO LABIENO;VIALE TITO LABIENO;;;Scontro frontale/laterale DX fra veicoli in marcia;Incrocio;Due carreggiate;Bagnato (pioggia);Asfaltata;Verticale ed orizzontale;Pioggia in atto;Scarso;Buona;Ore Diurne;0;0;0;2;;;-1;1;Autovettura privata;In marcia / fermata / arresto;Conducente;M;Illeso;0;;Non accertato;Inesploso
1955294;10;30/09/2013 07:20;Strada Urbana;VIALE ANICIO GALLO;all'intersezione con;VIALE TITO LABIENO;VIALE TITO LABIENO;;;Scontro frontale/laterale DX fra veicoli in marcia;Incrocio;Due carreggiate;Bagnato (pioggia);Asfaltata;Verticale ed orizzontale;Pioggia in atto;Scarso;Buona;Ore Diurne;0;0;0;2;;;-1;2;Autovettura privata;In marcia / fermata / arresto;Conducente;M;Illeso;0;;Non accertato;Inesploso
1955295;4;27/09/2013 12:40;Strada Urbana;VIA MONTE CERVIALTO;da specificare;;;;all'intersezione semaforizzata con Via Gualterio;Investimento di pedone;Rettilineo;Più di due carreggiate;Asciutto;Asfaltata;Verticale ed orizzontale;Sereno;Normale;Buona;Ore Diurne;0;1;0;2;;;-1;;;;Pedone;F;Prognosi riservata;0;NON DECEDUTO;;
1955295;4;27/09/2013 12:40;Strada Urbana;VIA MONTE CERVIALTO;da specificare;;;;all'intersezione semaforizzata con Via Gualterio;Investimento di pedone;Rettilineo;Più di due carreggiate;Asciutto;Asfaltata;Verticale ed orizzontale;Sereno;Normale;Buona;Ore Diurne;0;1;0;2;;;-1;1;Autovettura di polizia;In marcia / fermata / arresto;Conducente;M;Illeso;0;;Non accertato;Esploso
1955295;4;27/09/2013 12:40;Strada Urbana;VIA MONTE CERVIALTO;da specificare;;;;all'intersezione semaforizzata con Via Gualterio;Investimento di pedone;Rettilineo;Più di due carreggiate;Asciutto;Asfaltata;Verticale ed orizzontale;Sereno;Normale;Buona;Ore Diurne;0;1;0;2;;;-1;1;Autovettura di polizia;In marcia / fermata / arresto;Passeggero;M;Illeso;0;;Non accertato;Inesploso
1955296;3;27/09/2013 08:25;Strada Urbana;VIA COSTANTINO MAES;in prossimità;;del civico n. ;152;;Veicolo in marcia contro ostacolo accidentale;Rettilineo;Una carreggiata a senso unico di marcia;Asciutto;Asfaltata;Verticale ed orizzontale;Sereno;Normale;Buona;Ore Diurne;0;0;0;1;;;-1;1;Motociclo a solo;In marcia / fermata / arresto;Conducente;M;Illeso;0;;Non accertato;Inesistente
1955297;4;27/09/2013 08:45;Strada Urbana;VIA NOMENTANA;all'intersezione con;VIA JACOPO SANNAZZARO;VIA JACOPO SANNAZZARO;;;Scontro laterale fra veicoli in marcia;Incrocio;Una carreggiata a doppio senso;Asciutto;Asfaltata;Verticale ed orizzontale;Sereno;Intenso;Buona;Ore Diurne;0;0;0;2;;;-1;1;Veicolo speciale;In marcia / fermata / arresto;Conducente;M;Illeso;0;;Non accertato;Inesistente
1955297;4;27/09/2013 08:45;Strada Urbana;VIA NOMENTANA;all'intersezione con;VIA JACOPO SANNAZZARO;VIA JACOPO SANNAZZARO;;;Scontro laterale fra veicoli in marcia;Incrocio;Una carreggiata a doppio senso;Asciutto;Asfaltata;Verticale ed orizzontale;Sereno;Intenso;Buona;Ore Diurne;0;0;0;2;;;-1;2;Autovettura privata;In marcia / fermata / arresto;Conducente;F;Illeso;0;;Non accertato;Inesistente
1955298;20;29/09/2013 19:20;Statale entro l'abitato;VIA CASSIA;in prossimità;;del civico n. ;1042;;Veicolo in marcia contro ostacolo fisso;Rettilineo;Una carreggiata a doppio senso;Asciutto;Asfaltata;Orizzontale;Nuvoloso;Normale;Sufficiente;Sufficiente;0;2;0;0;;;-1;1;Autovettura privata;In marcia / fermata / arresto;Conducente;M;Prognosi riservata;0;NON DECEDUTO;Non accertato;Inesistente
1955298;20;29/09/2013 19:20;Statale entro l'abitato;VIA CASSIA;in prossimità;;del civico n. ;1042;;Veicolo in marcia contro ostacolo fisso;Rettilineo;Una carreggiata a doppio senso;Asciutto;Asfaltata;Orizzontale;Nuvoloso;Normale;Sufficiente;Sufficiente;0;2;0;0;;;-1;1;Autovettura privata;In marcia / fermata / arresto;Passeggero;F;Prognosi riservata;0;NON DECEDUTO;Non accertato;Inesistente
1955300;18;28/09/2013 07:00;Strada Urbana;VIA BALDO DEGLI UBALDI;in corrispondenza;;del civico n. ;112;;Scontro laterale fra veicoli in marcia;Rettilineo;Due carreggiate;Asciutto;Asfaltata;Verticale ed orizzontale;Sereno;Normale;Buona;Ore Diurne;0;0;0;2;;;-1;1;Motociclo con passeggero;In marcia / fermata / arresto;Conducente;M;Illeso;0;;Non accertato;Inesistente
1955300;18;28/09/2013 07:00;Strada Urbana;VIA BALDO DEGLI UBALDI;in corrispondenza;;del civico n. ;112;;Scontro laterale fra veicoli in marcia;Rettilineo;Due carreggiate;Asciutto;Asfaltata;Verticale ed orizzontale;Sereno;Normale;Buona;Ore Diurne;0;0;0;2;;;-1;2;Autovettura privata;In marcia / fermata / arresto;Conducente;M;Illeso;0;;Non accertato;Inesistente